{
   "type" : "rig",

   "skeleton" : {
      "head" : [31.336252,16.412138,21.577351],
      "left1" : [32.892036,11.161721,1.987156],
      "left2" : [34.796635,11.168743,2.107734],
      "left3" : [36.935272,11.176362,1.997486],
      "leftarm" : [34.772732,14.499999,13.909091],
      "leftback" : [35.044086,17.896643,1.980695],
      "leftfether1" : [61.500526,16.986448,14.504191],
      "leftfether2" : [57.498283,15.987022,13.457815],
      "leftfether3" : [53.511539,14.979588,14.458899],
      "leftfether4" : [49.497833,15.970353,13.471751],
      "leftFoot" : [28.498816,13.898640,5.108280],
      "leftShoulder" : [28.227270,14.500000,13.909090],
      "leftwing" : [46.022793,14.499917,13.534685],
      "pelvis" : [31.500000,14.518520,7.401240],
      "right1" : [29.992304,11.152395,2.040938],
      "right2" : [27.822706,11.145397,2.058816],
      "right3" : [25.820900,11.138808,2.077153],
      "rightarm" : [28.227268,14.499998,13.909100],
      "rightback" : [27.939756,17.903843,2.068573],
      "rightfether1" : [1.506270,16.959152,14.468318],
      "rightfether2" : [5.478308,15.976830,13.428409],
      "rightfether3" : [9.456664,14.971987,14.457512],
      "rightfether4" : [13.515750,15.963481,13.500946],
      "rightFoot" : [34.413769,13.865021,5.110018],
      "rightShoulder" : [34.772732,14.500000,13.909090],
      "rightwing" : [16.955097,14.523323,13.437952],
      "tail1" : [31.491718,20.965935,7.497190],
      "tail2" : [31.520525,28.512400,7.026588],
      "torso" : [31.430695,14.804049,9.864087],
      "root" : [31.500000,14.518520,0.000000],
      "bodyposition" : [31.500000,14.518520,8.000000],
      "offhand" : [34.413769,13.865021,0.000000],
      "mainhand" : [28.498816,13.898640,0.000000]
   },

   "animation_root" : "file(animations)",
   "effects_root"   : "file(effects)",
   "postures"       : "file(postures.json)",

   "collision_shape" : {
      "type"   : "cylinder_collision_shape",
      "radius" : 5,
      "height" : 35
   }
}