{
   "type" : "rig",

   "skeleton":
   {
      "Body"        : [7.067153,6.424919,1.989866],
      "BodyPositon" : [6.985507,6.456521,5.202899],
      "Cuboid5"     : [6.017889,9.971575,13.534081],
      "Cuboid6"     : [9.969589,7.987784,13.506258],
      "Cuboid7"     : [3.013198,6.029413,13.516426],
      "Cuboid8"     : [6.968906,3.004552,13.516277],
      "Cuboid9"     : [9.975801,5.022891,13.522590],
      "head"        : [6.986324,6.436332,5.980762],
      "Head"        : [6.986324,6.436332,5.980762],
      "LeftFoot"    : [8.525910,6.481858,2.018552],
      "LeftHand"    : [9.975451,6.505942,6.999918],
      "RightFoot"   : [5.976290,6.481991,2.018945],
      "RightHand"   : [4.013689,6.484864,6.993757],
      "root"        : [6.985507,6.456522,0.000000],
      "Sprout1"     : [7.002358,6.439428,10.945365],
      "Sprout2"     : [6.029035,6.475193,13.449528],
      "Sprout20"    : [6.503838,6.954864,13.529201],
      "Sprout21"    : [6.970806,5.501849,13.463377],
      "Sprout22"    : [6.504837,6.033569,13.498074],
      "Sprout23"    : [6.970452,7.472289,13.475962]
   },

   "animation_root" : "file(animations)",
   "effects_root"   : "file(effects)",
   "postures"       : "file(postures.json)"
}
