{
   "type" : "rig",

	 "skeleton": {
		 "base": [-29.876694,29.394146,1.123790],
		 "root": [-29.876694,29.394146,0.000000],
		 "bodyposition": [-29.876694,29.394146,0.000000],
		 "egg1": [-23.500000,21.500000,4.242324],
		 "egg10": [-35.500000,30.499998,6.737293],
		 "egg2": [-31.000002,24.500002,3.946433],
		 "egg3": [-43.000000,38.000000,2.971104],
		 "egg4": [-18.000000,46.000000,2.935072],
		 "egg5": [-44.500000,24.500000,3.257032],
		 "egg6": [-15.479310,14.520689,2.931037],
		 "egg7": [-37.520691,16.479311,2.931037],
		 "egg8": [-25.989218,35.989220,3.470594],
		 "egg9": [-31.523256,43.476746,2.434116]
   },

   "animation_root" : "file(animations)",
   "effects_root"   : "file(effects)",
   "postures"       : "file(postures.json)"
}