{
   "type" : "rig",

   "skeleton" : {
      "bodyposition" : [35.017990,14.015420,20.000002],
      "core" : [35.000004,13.999995,40.500000],
      "leftarm" : [51.069950,13.981471,51.119335],
      "leftfinger1" : [67.029007,10.408356,13.016120],
      "leftfinger2" : [67.046722,10.510046,9.052475],
      "leftfinger3" : [67.039673,10.453364,5.031909],
      "leftfinger4" : [67.035049,15.764096,13.065147],
      "leftfinger5" : [67.042847,15.502690,9.028507],
      "leftfinger6" : [67.036659,15.437076,5.015465],
      "leftfinger7" : [67.035828,20.341965,12.977695],
      "leftfinger8" : [67.039162,20.247169,9.000052],
      "leftfinger9" : [67.033295,20.073875,5.004350],
      "leftfoot" : [35.017994,14.015419,17.897177],
      "lefthand" : [57.625935,14.963320,40.447449],
      "leftshoulder" : [51.069965,13.981468,51.119331],
      "leftshoulder3" : [34.968117,7.857963,52.414490],
      "leftthumb1" : [52.652130,9.890106,16.392765],
      "leftthumb2" : [51.614269,10.563526,9.088324],
      "pelvis" : [35.017990,14.015420,17.897173],
      "rightarm" : [18.920080,14.016385,51.110657],
      "rightfinger1" : [2.878866,10.274780,13.052914],
      "rightfinger2" : [2.781178,10.291558,9.004895],
      "rightfinger3" : [2.779795,10.650634,4.994947],
      "rightfinger4" : [2.871469,15.343574,13.041197],
      "rightfinger5" : [2.797984,15.653625,9.074775],
      "rightfinger6" : [2.796205,15.638145,5.013113],
      "rightfinger7" : [2.924334,19.800108,13.067881],
      "rightfinger8" : [2.811853,20.240229,9.078651],
      "rightfinger9" : [2.811967,20.238089,5.030716],
      "rightfoot" : [35.017990,14.015418,17.897173],
      "righthand" : [12.476803,15.056684,40.293823],
      "rightshoulder" : [18.920078,14.016385,51.110657],
      "rightthumb1" : [17.155115,10.726631,16.474031],
      "rightthumb2" : [18.158537,11.020051,9.006720],
      "root" : [35.017990,14.015420,0.000000],
      "torso" : [34.945545,14.019799,23.514853],
      "vine1" : [26.993837,24.071922,51.014187],
      "vine2" : [26.943365,24.083965,34.997925],
      "vine3" : [27.176428,24.091530,19.109333],
      "vine4" : [48.091263,24.098532,45.999237],
      "vine5" : [48.055767,24.116108,30.115028],
      "vine6" : [45.117649,3.917071,51.098587],
      "vine7" : [44.961578,3.882581,35.042385],
      "vine8" : [45.031425,3.864532,19.009409],
      "waist" : [35.017994,14.015421,17.897175]
   },

   "animation_root" : "file(animations)",
   "effects_root"   : "file(effects)",
   "postures"       : "file(postures.json)",

   "collision_shape" : {
      "type" : "cylinder_collision_shape",
      "radius" : 20,
      "height" : 35
   }
}
