{
   "type" : "rig",

   "skeleton":
   {
      "Body"          : [34.542313,15.999745,19.568712],
      "bodyPosition"  : [34.542313,15.999745,15.000000],
      "Bun"           : [34.503571,15.999990,46.502277],
      "Fang1"         : [29.912426,8.000093,20.316767],
      "Fang2"         : [39.343716,8.000329,20.328596],
      "head"          : [34.487297,11.983035,32.999958],
      "Head"          : [34.487297,11.983035,32.999958],
      "Left1"         : [41.972061,9.961841,24.000141],
      "Left2"         : [43.000031,9.962569,21.987822],
      "Left3"         : [41.983742,11.990336,24.000082],
      "Left4"         : [43.000042,12.015114,21.993303],
      "Left5"         : [42.011337,14.038322,24.000116],
      "Left6"         : [43.000004,14.035653,22.000456],
      "LeftArm"       : [37.000000,12.394810,31.015871],
      "LeftFoot1"     : [38.999935,3.477385,4.019563],
      "LeftFoot2"     : [38.999943,13.446063,3.973585],
      "LeftFoot3"     : [44.025463,24.621639,3.651307],
      "LeftFoot4"     : [43.000149,32.532791,3.962573],
      "LeftHand"      : [40.957035,12.185274,26.000263],
      "offHand"       : [40.957035,12.185274,24.000],
      "LeftLeg001"    : [39.999851,3.588160,16.014097],
      "LeftLeg002"    : [57.984089,3.540304,16.000050],
      "LeftLeg003"    : [43.999935,3.564113,3.554955],
      "LeftLeg004"    : [40.000004,13.460837,15.897928],
      "LeftLeg005"    : [58.050278,13.531496,16.000090],
      "LeftLeg006"    : [43.999905,13.561177,3.585504],
      "LeftLeg007"    : [44.999889,24.329159,16.006645],
      "LeftLeg008"    : [63.025291,24.536772,16.000103],
      "LeftLeg009"    : [48.999985,24.603331,3.747193],
      "LeftLeg010"    : [45.000080,32.480057,17.994585],
      "LeftLeg011"    : [64.974823,32.504940,18.000113],
      "LeftLeg012"    : [48.000072,32.519867,3.661147],
      "LeftShoulder"  : [37.000305,12.394813,31.018972],
      "LeftThumb1"    : [39.985874,8.988243,25.000111],
      "LeftThumb2"    : [40.017773,7.999998,23.007374],
      "Pelvis"        : [34.500004,12.531622,19.738415],
      "Right1"        : [26.985489,9.988972,24.000053],
      "Right2"        : [25.999981,9.977213,21.989456],
      "Right3"        : [26.960400,11.986504,24.000029],
      "Right4"        : [26.000004,11.967183,21.984175],
      "Right5"        : [26.965334,13.982558,24.000038],
      "Right6"        : [26.000015,14.002181,21.991631],
      "RightArm"      : [32.000019,12.344738,30.950996],
      "RightFoot1"    : [29.999941,3.444534,3.980335],
      "RightFoot2"    : [30.000011,13.505954,4.047938],
      "RightFoot3"    : [24.999985,24.599333,3.989638],
      "RightFoot4"    : [26.000000,32.571495,4.000579],
      "RightHand"     : [28.020481,12.062078,25.999928],
      "mainHand"      : [28.020481,12.062078,24.0],
      "RIghtLeg001"   : [29.000141,3.465434,15.946301],
      "RightLeg002"   : [11.042341,3.559527,16.000162],
      "RightLeg003"   : [24.999994,3.396857,3.548240],
      "RightLeg004"   : [29.000019,13.348041,16.096712],
      "RightLeg005"   : [10.962021,13.474997,15.999958],
      "RightLeg006"   : [26.000042,13.377544,3.538459],
      "RightLeg007"   : [24.000154,24.584326,15.546148],
      "RightLeg008"   : [5.916638,24.530357,15.999857],
      "RightLeg009"   : [20.000013,24.417471,3.622185],
      "RightLeg010"   : [24.000034,32.526569,17.602901],
      "RightLeg011"   : [3.898978,32.594070,17.999924],
      "RightLeg012"   : [20.999960,32.364086,3.521508],
      "RightShoulder" : [32.000019,12.344738,30.950996],
      "RightThumb1"   : [28.971321,8.996143,25.000023],
      "RightThumb2"   : [28.997868,7.999977,22.997253],
      "root"          : [34.542313,15.999745,0.000000],
      "torso"         : [34.463264,12.079015,26.999945]
   },

   "animation_root" : "file(animations)",
   "effects_root"   : "file(effects)",
   "postures"       : "file(postures.json)"
}
