{
	 "skeleton": {
		 "BodyPosition": [17.525578,13.998746,13.761738],
		 "root": [17.525578,13.998746,0.000000],
		 "Body": [17.525578,13.998746,13.761738],
		 "Head": [17.525578,13.998746,13.761738],
		 "LeftFang": [21.036625,6.999977,12.094972],
		 "LeftFoot1": [21.000036,4.461377,1.547301],
		 "LeftFoot2": [21.000019,10.467014,1.621306],
		 "LeftFoot3": [23.000006,16.508308,1.646800],
		 "LeftFoot4": [21.999983,22.473373,1.617624],
		 "LeftLeg01": [21.999836,4.545111,11.563498],
		 "LeftLeg02": [31.500484,4.570392,8.999935],
		 "LeftLeg03": [23.000025,4.491141,1.470340],
		 "LeftLeg04": [21.999798,10.579133,11.546918],
		 "LeftLeg05": [31.530592,10.475934,8.999833],
		 "LeftLeg06": [22.999989,10.529450,1.548433],
		 "LeftLeg07": [23.999914,16.433115,11.654519],
		 "LeftLeg08": [33.646145,16.475559,9.000316],
		 "LeftLeg09": [24.999962,16.532887,1.544333],
		 "LeftLeg10": [23.999195,22.444691,11.563887],
		 "LeftLeg11": [33.495205,22.471428,10.000035],
		 "LeftLeg12": [23.999949,22.602432,1.497145],
		 "RightFang": [14.007892,7.000062,12.158481],
		 "RightFoot1": [14.000042,4.537403,1.536901],
		 "RightFoot2": [13.999916,10.523018,1.578227],
		 "RightFoot3": [12.000027,16.445425,1.668632],
		 "RightFoot4": [13.000036,22.532690,1.772527],
		 "RightLeg01": [12.999999,4.563346,11.684354],
		 "RightLeg02": [3.630781,4.580898,8.999976],
		 "RightLeg03": [12.000039,4.605886,1.664673],
		 "RightLeg04": [12.999984,10.500367,11.468534],
		 "RightLeg05": [3.469700,10.477369,9.000056],
		 "RightLeg06": [12.000007,10.479247,1.526897],
		 "RightLeg07": [11.000030,16.492035,11.654029],
		 "RightLeg08": [1.500110,16.507914,9.000051],
		 "RightLeg09": [9.999943,16.466055,1.618782],
		 "RightLeg10": [11.000119,22.515022,11.621906],
		 "RightLeg11": [1.540082,22.439314,10.000055],
		 "RightLeg12": [11.000022,22.501923,1.616745]
	},
	 <<< add links to effects and animations as collision data >>> 
}
